﻿SET DEFINE OFF;
Insert into TT_MEMBERSHIP_ROLE_LINK
   (MEMBERSHIP_ID, MEMBERSHIP_ROLE_ID, CREATED)
 Values
   (0, 0, TO_DATE('06/05/2017 16:51:00', 'MM/DD/YYYY HH24:MI:SS'));
Insert into TT_MEMBERSHIP_ROLES
   (ID, NAME, DISPLAY_NAME, DELETED)
 Values
   (0, 'administrator', 'администратор', 0);
   
Insert into TT_MEMBERSHIPS
   (ID, AUTHORIZATION_TYPE, USERNAME, PASSWORD, PASSWORD_SALT, 
    FIRSTNAME, LASTNAME, CREATED, DELETED)
 Values
   (0, 'S', 'SemeneevEI', 'jjwcdjTbbYJf8PHMeboryg==', '01234567890123456789012345678912', 
    'Эльдар', 'Семенеев', TO_DATE('06/05/2017 16:10:00', 'MM/DD/YYYY HH24:MI:SS'), 0);
Insert into TT_MEMBERSHIPS
   (ID, AUTHORIZATION_TYPE, USERNAME, PASSWORD, PASSWORD_SALT, 
    FIRSTNAME, LASTNAME, PATRONYM, CREATED, DELETED)
 Values
   (1, 'S', 'IvanovII', 'jjwcdjTbbYJf8PHMeboryg==', '01234567890123456789012345678912', 
    'Иван', 'Иванов', 'Иванович', TO_DATE('06/05/2017 00:00:00', 'MM/DD/YYYY HH24:MI:SS'), 0);
Insert into TT_MEMBERSHIPS
   (ID, AUTHORIZATION_TYPE, USERNAME, PASSWORD, PASSWORD_SALT, 
    FIRSTNAME, LASTNAME, PATRONYM, CREATED, DELETED)
 Values
   (2, 'S', 'PetrovPP', 'jjwcdjTbbYJf8PHMeboryg==', '01234567890123456789012345678912', 
    'Петр', 'Петров', 'Петрович', TO_DATE('06/05/2017 00:00:00', 'MM/DD/YYYY HH24:MI:SS'), 0);

Insert into TT_POSITIONS
   (ID, DEPARTMENT_ID, NAME, DISPLAY_NAME, DELETED)
 Values
   (2, 2, 'Диспетчер', 'Диспетчер', 0);
Insert into TT_POSITIONS
   (ID, DEPARTMENT_ID, NAME, DISPLAY_NAME, DELETED)
 Values
   (3, 2, 'Руководитель', 'Руководитель', 0);
Insert into TT_POSITIONS
   (ID, DEPARTMENT_ID, NAME, DISPLAY_NAME, DELETED)
 Values
   (4, 2, 'Линейный руководитель', 'Лин. руководитель', 0);
Insert into TT_POSITIONS
   (ID, DEPARTMENT_ID, NAME, DISPLAY_NAME, DELETED)
 Values
   (5, 2, 'Исполнитель', 'Исполнитель', 0);

Insert into TT_TICKET_MOVEMENTS
   (ID, TICKET_ID, POSITION_ID, STATUS, CREATED, 
    DELETED)
 Values
   (590, 10, 2, 0, TO_DATE('07/25/2017 17:37:43', 'MM/DD/YYYY HH24:MI:SS'), 
    0);
Insert into TT_TICKET_MOVEMENTS
   (ID, TICKET_ID, POSITION_ID, STATUS, CREATED, 
    DELETED)
 Values
   (591, 11, 2, 0, TO_DATE('07/25/2017 17:37:43', 'MM/DD/YYYY HH24:MI:SS'), 
    0);
Insert into TT_TICKET_MOVEMENTS
   (ID, TICKET_ID, POSITION_ID, STATUS, CREATED, 
    DELETED)
 Values
   (592, 12, 2, 0, TO_DATE('07/25/2017 17:37:43', 'MM/DD/YYYY HH24:MI:SS'), 
    0);
Insert into TT_TICKET_MOVEMENTS
   (ID, TICKET_ID, POSITION_ID, STATUS, CREATED, 
    DELETED)
 Values
   (575, 7, 2, 0, TO_DATE('06/27/2017 14:11:00', 'MM/DD/YYYY HH24:MI:SS'), 
    0);
Insert into TT_TICKET_MOVEMENTS
   (ID, TICKET_ID, POSITION_ID, STATUS, CREATED, 
    DELETED)
 Values
   (576, 8, 2, 0, TO_DATE('06/27/2017 14:11:00', 'MM/DD/YYYY HH24:MI:SS'), 
    0);
Insert into TT_TICKET_MOVEMENTS
   (ID, TICKET_ID, POSITION_ID, STATUS, CREATED, 
    DELETED)
 Values
   (577, 9, 2, 0, TO_DATE('06/27/2017 14:11:00', 'MM/DD/YYYY HH24:MI:SS'), 
    0);
Insert into TT_TICKET_MOVEMENTS
   (ID, TICKET_ID, POSITION_ID, STATUS, CREATED, 
    DELETED)
 Values
   (578, 7, 1, 0, TO_DATE('06/27/2017 14:11:00', 'MM/DD/YYYY HH24:MI:SS'), 
    0);
Insert into TT_TICKET_MOVEMENTS
   (ID, TICKET_ID, POSITION_ID, STATUS, CREATED, 
    DELETED)
 Values
   (593, 13, 2, 0, TO_DATE('07/25/2017 17:37:43', 'MM/DD/YYYY HH24:MI:SS'), 
    0);
Insert into TT_TICKET_MOVEMENTS
   (ID, TICKET_ID, POSITION_ID, STATUS, CREATED, 
    DELETED)
 Values
   (594, 14, 2, 0, TO_DATE('07/25/2017 17:37:43', 'MM/DD/YYYY HH24:MI:SS'), 
    0);
Insert into TT_TICKET_MOVEMENTS
   (ID, TICKET_ID, POSITION_ID, STATUS, CREATED, 
    DELETED)
 Values
   (595, 15, 2, 0, TO_DATE('07/25/2017 17:37:43', 'MM/DD/YYYY HH24:MI:SS'), 
    0);
Insert into TT_TICKET_MOVEMENTS
   (ID, TICKET_ID, POSITION_ID, STATUS, CREATED, 
    DELETED)
 Values
   (596, 16, 2, 0, TO_DATE('07/25/2017 17:37:43', 'MM/DD/YYYY HH24:MI:SS'), 
    0);
Insert into TT_TICKET_MOVEMENTS
   (ID, TICKET_ID, POSITION_ID, STATUS, CREATED, 
    DELETED)
 Values
   (597, 17, 2, 0, TO_DATE('07/25/2017 17:37:43', 'MM/DD/YYYY HH24:MI:SS'), 
    0);
Insert into TT_TICKET_MOVEMENTS
   (ID, TICKET_ID, POSITION_ID, STATUS, CREATED, 
    DELETED)
 Values
   (598, 18, 2, 0, TO_DATE('07/25/2017 17:37:43', 'MM/DD/YYYY HH24:MI:SS'), 
    0);

Insert into TT_TICKETS
   (ID, TICKET_TYPE, CREATED, DELETED)
 Values
   (7, 'A1', TO_DATE('06/21/2017 15:44:00', 'MM/DD/YYYY HH24:MI:SS'), 0);
Insert into TT_TICKETS
   (ID, TICKET_TYPE, CREATED, DELETED)
 Values
   (10, 'A1', TO_DATE('07/25/2017 17:36:05', 'MM/DD/YYYY HH24:MI:SS'), 0);
Insert into TT_TICKETS
   (ID, TICKET_TYPE, CREATED, DELETED)
 Values
   (11, 'A1', TO_DATE('07/25/2017 17:36:05', 'MM/DD/YYYY HH24:MI:SS'), 0);
Insert into TT_TICKETS
   (ID, TICKET_TYPE, CREATED, DELETED)
 Values
   (12, 'A1', TO_DATE('07/25/2017 17:36:06', 'MM/DD/YYYY HH24:MI:SS'), 0);
Insert into TT_TICKETS
   (ID, TICKET_TYPE, CREATED, DELETED)
 Values
   (13, 'A1', TO_DATE('07/25/2017 17:36:06', 'MM/DD/YYYY HH24:MI:SS'), 0);
Insert into TT_TICKETS
   (ID, TICKET_TYPE, CREATED, DELETED)
 Values
   (14, 'A1', TO_DATE('07/25/2017 17:36:06', 'MM/DD/YYYY HH24:MI:SS'), 0);
Insert into TT_TICKETS
   (ID, TICKET_TYPE, CREATED, DELETED)
 Values
   (15, 'A1', TO_DATE('07/25/2017 17:36:06', 'MM/DD/YYYY HH24:MI:SS'), 0);
Insert into TT_TICKETS
   (ID, TICKET_TYPE, CREATED, DELETED)
 Values
   (16, 'A1', TO_DATE('07/25/2017 17:36:06', 'MM/DD/YYYY HH24:MI:SS'), 0);
Insert into TT_TICKETS
   (ID, TICKET_TYPE, CREATED, DELETED)
 Values
   (17, 'A1', TO_DATE('07/25/2017 17:36:06', 'MM/DD/YYYY HH24:MI:SS'), 0);
Insert into TT_TICKETS
   (ID, TICKET_TYPE, CREATED, DELETED)
 Values
   (18, 'A1', TO_DATE('07/25/2017 17:36:06', 'MM/DD/YYYY HH24:MI:SS'), 0);
Insert into TT_TICKETS
   (ID, TICKET_TYPE, CREATED, DELETED)
 Values
   (8, 'A2', TO_DATE('06/27/2017 08:40:00', 'MM/DD/YYYY HH24:MI:SS'), 0);
Insert into TT_TICKETS
   (ID, TICKET_TYPE, CREATED, DELETED)
 Values
   (9, 'A1', TO_DATE('06/27/2017 08:41:00', 'MM/DD/YYYY HH24:MI:SS'), 0);

Insert into TT_WORK_PERIODS
   (ID, POSITION_ID, MEMBERSHIP_ID, START_TIME, DELETED)
 Values
   (2, 2, 1, TO_DATE('06/05/2017 00:00:00', 'MM/DD/YYYY HH24:MI:SS'), 0);
Insert into TT_WORK_PERIODS
   (ID, POSITION_ID, MEMBERSHIP_ID, START_TIME, DELETED)
 Values
   (3, 3, 2, TO_DATE('06/05/2017 00:00:00', 'MM/DD/YYYY HH24:MI:SS'), 0);
COMMIT;
